"Symbol","Series","Date","Prev Close","Open Price","High Price","Low Price","Last Price","Close Price","Average Price","Total Traded Quantity","Turnover in Lacs","No. of Trades","Deliverable Qty","% Dly Qt to Traded Qty"
"TCS","EQ","01-Jan-2016","       2436.85","       2439.00","       2439.00","       2412.25","       2414.10","       2416.40","       2423.73","     356131","       8631.65","      15545","     246115","         69.11"
"TCS","EQ","04-Jan-2016","       2416.40","       2410.15","       2414.00","       2366.05","       2373.00","       2369.60","       2381.76","     935092","      22271.61","      72341","     615009","         65.77"
"TCS","EQ","05-Jan-2016","       2369.60","       2385.00","       2386.60","       2341.00","       2349.85","       2348.95","       2353.54","    1339010","      31514.09","      97799","    1037513","         77.48"
"TCS","EQ","06-Jan-2016","       2348.95","       2350.20","       2386.15","       2350.20","       2382.00","       2381.60","       2374.18","    1326614","      31496.27","      43208","     852411","         64.25"
"TCS","EQ","07-Jan-2016","       2381.60","       2370.00","       2382.90","       2360.00","       2379.00","       2371.25","       2367.71","    1599790","      37878.37","      29836","     877850","         54.87"
"TCS","EQ","08-Jan-2016","       2371.25","       2385.00","       2407.35","       2372.50","       2400.80","       2397.60","       2396.08","     953772","      22853.14","      29435","     596208","         62.51"
"TCS","EQ","11-Jan-2016","       2397.60","       2382.50","       2384.00","       2348.85","       2362.80","       2362.35","       2361.63","    1465114","      34600.59","      52084","     927856","         63.33"
"TCS","EQ","12-Jan-2016","       2362.35","       2362.70","       2365.00","       2301.60","       2317.00","       2327.05","       2325.68","    1741297","      40496.99","      78442","    1022719","         58.73"
"TCS","EQ","13-Jan-2016","       2327.05","       2317.00","       2327.00","       2255.10","       2280.00","       2279.20","       2283.97","    2373046","      54199.74","     110813","    1008246","         42.49"
"TCS","EQ","14-Jan-2016","       2279.20","       2273.00","       2298.90","       2250.00","       2280.05","       2278.80","       2280.21","    1371026","      31262.31","      68867","     841660","         61.39"
"TCS","EQ","15-Jan-2016","       2278.80","       2288.85","       2291.70","       2255.00","       2265.25","       2261.10","       2267.74","    1634704","      37070.78","      59507","    1305490","         79.86"
"TCS","EQ","18-Jan-2016","       2261.10","       2262.00","       2291.90","       2260.00","       2280.00","       2277.65","       2281.48","    1106961","      25255.15","      36247","     824382","         74.47"
"TCS","EQ","19-Jan-2016","       2277.65","       2277.00","       2300.00","       2268.30","       2288.00","       2279.30","       2277.26","     483955","      11020.90","      37877","     314006","         64.88"
"TCS","EQ","20-Jan-2016","       2279.30","       2273.80","       2285.00","       2243.00","       2280.00","       2280.10","       2268.32","     807977","      18327.52","      47824","     573668","         71.00"
"TCS","EQ","21-Jan-2016","       2280.10","       2285.00","       2289.90","       2245.75","       2258.00","       2254.50","       2258.77","    1337768","      30217.16","      48506","     988982","         73.93"
"TCS","EQ","22-Jan-2016","       2254.50","       2273.00","       2302.05","       2260.00","       2290.00","       2295.75","       2290.27","     671589","      15381.22","      65671","     490657","         73.06"
"TCS","EQ","25-Jan-2016","       2295.75","       2301.90","       2339.00","       2291.50","       2301.70","       2304.65","       2317.64","     698780","      16195.18","      63300","     479449","         68.61"
"TCS","EQ","27-Jan-2016","       2304.65","       2302.00","       2329.95","       2281.90","       2317.00","       2319.75","       2316.74","     813493","      18846.49","      37894","     583494","         71.73"
"TCS","EQ","28-Jan-2016","       2319.75","       2315.50","       2348.90","       2308.05","       2345.00","       2331.20","       2334.21","    1553330","      36257.95","      52219","    1005471","         64.73"
"TCS","EQ","29-Jan-2016","       2331.20","       2358.70","       2400.00","       2335.05","       2386.10","       2391.30","       2372.42","    1117872","      26520.58","      51641","     842301","         75.35"
"TCS","EQ","01-Feb-2016","       2391.30","       2391.10","       2412.95","       2359.00","       2395.35","       2402.70","       2402.94","     747637","      17965.24","      65836","     542493","         72.56"
"TCS","EQ","02-Feb-2016","       2402.70","       2409.00","       2433.00","       2379.70","       2382.00","       2398.10","       2415.55","     737794","      17821.75","      50764","     460781","         62.45"
"TCS","EQ","03-Feb-2016","       2398.10","       2387.50","       2429.90","       2360.30","       2424.80","       2416.30","       2402.39","     654346","      15719.96","      35587","     443404","         67.76"
"TCS","EQ","04-Feb-2016","       2416.30","       2421.90","       2440.00","       2402.00","       2423.00","       2420.05","       2419.99","     625023","      15125.52","      42532","     370318","         59.25"
"TCS","EQ","05-Feb-2016","       2420.05","       2408.10","       2439.95","       2408.10","       2424.00","       2421.95","       2425.99","     701498","      17018.26","      80411","     454027","         64.72"
"TCS","EQ","08-Feb-2016","       2421.95","       2400.00","       2412.05","       2347.00","       2354.30","       2362.95","       2385.01","     531829","      12684.17","      29355","     333965","         62.80"
"TCS","EQ","09-Feb-2016","       2362.95","       2333.60","       2333.60","       2255.60","       2280.70","       2281.40","       2276.64","    1244805","      28339.78","      74469","     719530","         57.80"
"TCS","EQ","10-Feb-2016","       2281.40","       2275.00","       2289.90","       2258.10","       2283.00","       2268.80","       2271.48","     945366","      21473.78","      65549","     604389","         63.93"
"TCS","EQ","11-Feb-2016","       2268.80","       2280.00","       2289.00","       2171.65","       2179.35","       2197.95","       2231.27","     981204","      21893.32","      73416","     582430","         59.36"
"TCS","EQ","12-Feb-2016","       2197.95","       2200.00","       2243.40","       2164.00","       2226.30","       2226.60","       2214.47","    1086284","      24055.41","      85740","     632825","         58.26"
"TCS","EQ","15-Feb-2016","       2226.60","       2250.00","       2306.85","       2240.00","       2262.00","       2269.15","       2278.07","    1239856","      28244.80","      62877","     886727","         71.52"
"TCS","EQ","16-Feb-2016","       2269.15","       2266.00","       2282.00","       2243.00","       2262.50","       2265.55","       2260.28","     794351","      17954.56","      40886","     499672","         62.90"
"TCS","EQ","17-Feb-2016","       2265.55","       2265.00","       2279.65","       2246.40","       2279.65","       2275.55","       2265.30","     792589","      17954.55","      36080","     567844","         71.64"
"TCS","EQ","18-Feb-2016","       2275.55","       2285.00","       2319.75","       2278.00","       2312.10","       2315.85","       2301.08","     764570","      17593.39","      31762","     569449","         74.48"
"TCS","EQ","19-Feb-2016","       2315.85","       2307.35","       2327.00","       2305.45","       2314.90","       2319.65","       2317.45","     439506","      10185.34","      60217","     303871","         69.14"
"TCS","EQ","22-Feb-2016","       2319.65","       2320.25","       2343.00","       2305.00","       2325.00","       2315.90","       2330.06","     662442","      15435.33","      49580","     413311","         62.39"
"TCS","EQ","23-Feb-2016","       2315.90","       2310.25","       2319.90","       2256.75","       2258.10","       2264.00","       2277.26","     653426","      14880.24","      42218","     445387","         68.16"
"TCS","EQ","24-Feb-2016","       2264.00","       2262.45","       2262.45","       2201.20","       2216.00","       2210.95","       2230.36","     829664","      18504.52","      38290","     574352","         69.23"
"TCS","EQ","25-Feb-2016","       2210.95","       2219.80","       2228.00","       2185.65","       2224.20","       2212.85","       2204.85","     915278","      20180.49","      45678","     673667","         73.60"
"TCS","EQ","26-Feb-2016","       2212.85","       2229.70","       2256.90","       2199.60","       2219.90","       2210.50","       2218.03","     768768","      17051.54","      37353","     521706","         67.86"
"TCS","EQ","29-Feb-2016","       2210.50","       2237.00","       2237.00","       2115.00","       2172.00","       2176.80","       2184.95","    1095859","      23943.99","      47672","     679639","         62.02"
"TCS","EQ","01-Mar-2016","       2176.80","       2193.00","       2285.10","       2162.00","       2281.00","       2276.65","       2257.79","     999880","      22575.17","      50318","     643213","         64.33"
"TCS","EQ","02-Mar-2016","       2276.65","       2305.00","       2330.00","       2256.25","       2320.10","       2318.85","       2288.84","     763743","      17480.82","      42118","     438079","         57.36"
"TCS","EQ","03-Mar-2016","       2318.85","       2336.00","       2391.00","       2301.00","       2369.40","       2373.15","       2356.33","    1324142","      31201.10","      61441","     797518","         60.23"
"TCS","EQ","04-Mar-2016","       2373.15","       2380.00","       2380.00","       2349.55","       2369.85","       2357.55","       2362.52","     756483","      17872.09","      32716","     419647","         55.47"
"TCS","EQ","08-Mar-2016","       2357.55","       2342.10","       2367.00","       2304.20","       2351.00","       2354.30","       2342.85","     634076","      14855.47","      33078","     350804","         55.33"
"TCS","EQ","09-Mar-2016","       2354.30","       2341.00","       2369.40","       2295.15","       2360.00","       2357.25","       2326.68","    1008892","      23473.66","      45459","     607451","         60.21"
"TCS","EQ","10-Mar-2016","       2357.25","       2356.05","       2359.85","       2314.95","       2347.00","       2348.30","       2329.26","     830833","      19352.29","      47391","     514311","         61.90"
"TCS","EQ","11-Mar-2016","       2348.30","       2340.00","       2390.85","       2335.00","       2360.00","       2365.25","       2369.33","     765264","      18131.61","      60976","     381295","         49.83"
"TCS","EQ","14-Mar-2016","       2365.25","       2362.00","       2398.00","       2340.00","       2346.10","       2355.00","       2361.38","     818371","      19324.84","      50401","     532800","         65.10"
"TCS","EQ","15-Mar-2016","       2355.00","       2349.05","       2363.50","       2320.10","       2330.25","       2329.90","       2333.27","     811678","      18938.65","      34040","     519577","         64.01"
"TCS","EQ","16-Mar-2016","       2329.90","       2315.00","       2332.00","       2306.90","       2323.55","       2327.05","       2320.16","     959123","      22253.15","      47662","     648450","         67.61"
"TCS","EQ","17-Mar-2016","       2327.05","       2334.00","       2361.80","       2332.00","       2349.00","       2352.05","       2347.85","    1110544","      26073.91","      51558","     820690","         73.90"
"TCS","EQ","18-Mar-2016","       2352.05","       2360.00","       2430.00","       2360.00","       2421.40","       2425.85","       2408.60","    1602035","      38586.69","     102942","    1152246","         71.92"
"TCS","EQ","21-Mar-2016","       2425.85","       2426.00","       2454.95","       2420.00","       2449.05","       2446.25","       2434.69","    1168491","      28449.19","      68915","     855867","         73.25"
"TCS","EQ","22-Mar-2016","       2446.25","       2442.00","       2485.00","       2436.50","       2470.65","       2473.10","       2456.21","     975992","      23972.40","      63517","     541794","         55.51"
"TCS","EQ","23-Mar-2016","       2473.10","       2487.90","       2487.90","       2457.30","       2479.60","       2473.80","       2473.02","    1139217","      28173.12","      55908","     698388","         61.30"
"TCS","EQ","28-Mar-2016","       2473.80","       2491.00","       2517.15","       2461.55","       2476.00","       2473.40","       2478.01","    1660441","      41145.83","      82490","    1133446","         68.26"
"TCS","EQ","29-Mar-2016","       2473.40","       2478.00","       2486.95","       2455.00","       2462.40","       2469.40","       2472.49","     919398","      22732.05","      32196","     650064","         70.71"
"TCS","EQ","30-Mar-2016","       2469.40","       2470.90","       2505.00","       2460.00","       2490.00","       2489.50","       2490.18","    1068252","      26601.39","      66443","     840002","         78.63"
"TCS","EQ","31-Mar-2016","       2489.50","       2478.30","       2550.00","       2472.15","       2530.00","       2520.30","       2510.45","    2181982","      54777.53","      76600","    1371053","         62.84"
"TCS","EQ","01-Apr-2016","       2520.30","       2505.00","       2520.85","       2434.10","       2458.00","       2453.90","       2467.96","    1520700","      37530.29","      86567","     990990","         65.17"
"TCS","EQ","04-Apr-2016","       2453.90","       2456.00","       2488.00","       2447.00","       2476.40","       2471.25","       2462.56","     876176","      21576.34","      56839","     541245","         61.77"
"TCS","EQ","05-Apr-2016","       2471.25","       2470.80","       2484.90","       2442.05","       2460.00","       2462.75","       2459.72","     745897","      18347.00","      39144","     438819","         58.83"
"TCS","EQ","06-Apr-2016","       2462.75","       2470.00","       2489.00","       2459.35","       2481.00","       2481.90","       2477.67","     881575","      21842.55","      48213","     578096","         65.58"
"TCS","EQ","07-Apr-2016","       2481.90","       2480.00","       2484.70","       2457.00","       2466.25","       2470.80","       2470.69","    1195471","      29536.40","      50556","     893942","         74.78"
"TCS","EQ","08-Apr-2016","       2470.80","       2466.00","       2473.70","       2427.00","       2432.00","       2432.05","       2438.52","     699750","      17063.55","      51781","     462455","         66.09"
"TCS","EQ","11-Apr-2016","       2432.05","       2433.00","       2517.00","       2413.00","       2506.05","       2506.65","       2456.71","    1200324","      29488.46","      56962","     804709","         67.04"
"TCS","EQ","12-Apr-2016","       2506.65","       2498.00","       2525.00","       2488.10","       2520.05","       2518.15","       2502.73","     651814","      16313.15","      41843","     379191","         58.17"
"TCS","EQ","13-Apr-2016","       2518.15","       2530.00","       2545.00","       2512.50","       2528.00","       2526.20","       2524.85","     800734","      20217.37","      51204","     497799","         62.17"
"TCS","EQ","18-Apr-2016","       2526.20","       2453.00","       2553.50","       2440.00","       2522.40","       2519.75","       2495.75","    3560752","      88867.60","     185897","    1683724","         47.29"
"TCS","EQ","20-Apr-2016","       2519.75","       2534.90","       2534.90","       2440.00","       2453.00","       2450.35","       2472.11","    3202512","      79169.58","     118381","    1605452","         50.13"
"TCS","EQ","21-Apr-2016","       2450.35","       2451.00","       2467.40","       2412.20","       2418.20","       2424.40","       2440.23","    1262862","      30816.73","      64118","     668774","         52.96"
"TCS","EQ","22-Apr-2016","       2424.40","       2419.00","       2435.40","       2404.20","       2423.40","       2417.05","       2420.24","     982063","      23768.31","      54414","     558188","         56.84"
"TCS","EQ","25-Apr-2016","       2417.05","       2402.30","       2457.05","       2402.30","       2453.00","       2451.25","       2441.63","    1133827","      27683.89","      56820","     760631","         67.09"
"TCS","EQ","26-Apr-2016","       2451.25","       2449.00","       2493.50","       2442.00","       2488.00","       2489.80","       2473.61","    1277184","      31592.55","      76806","     850243","         66.57"
"TCS","EQ","27-Apr-2016","       2489.80","       2480.00","       2514.60","       2475.90","       2511.50","       2511.10","       2502.32","     924335","      23129.81","      58165","     644463","         69.72"
"TCS","EQ","28-Apr-2016","       2511.10","       2501.30","       2540.00","       2498.10","       2527.00","       2527.75","       2526.07","    2496372","      63060.21","      93432","    1837651","         73.61"
"TCS","EQ","29-Apr-2016","       2527.75","       2517.00","       2542.00","       2510.00","       2540.10","       2535.50","       2529.22","    1186089","      29998.74","      78355","     815255","         68.73"
"TCS","EQ","02-May-2016","       2535.50","       2529.00","       2530.00","       2500.00","       2525.10","       2526.70","       2516.27","     558346","      14049.47","      33410","     336693","         60.30"
"TCS","EQ","03-May-2016","       2526.70","       2525.00","       2530.00","       2472.00","       2473.90","       2478.10","       2496.18","    1076559","      26872.84","      46517","     674261","         62.63"
"TCS","EQ","04-May-2016","       2478.10","       2473.90","       2494.05","       2457.00","       2478.00","       2478.00","       2472.40","     682446","      16872.77","      32957","     434174","         63.62"
"TCS","EQ","05-May-2016","       2478.00","       2478.00","       2489.95","       2463.55","       2469.30","       2470.30","       2472.47","     623283","      15410.49","      34994","     393436","         63.12"
"TCS","EQ","06-May-2016","       2470.30","       2465.00","       2484.30","       2431.00","       2479.00","       2473.40","       2456.60","     442799","      10877.79","      29141","     247145","         55.81"
"TCS","EQ","09-May-2016","       2473.40","       2473.40","       2518.00","       2456.40","       2514.60","       2512.55","       2499.22","     910638","      22758.85","      50476","     553930","         60.83"
"TCS","EQ","10-May-2016","       2512.55","       2515.00","       2533.95","       2496.00","       2522.90","       2522.90","       2515.63","     579267","      14572.24","      47846","     296598","         51.20"
"TCS","EQ","11-May-2016","       2522.90","       2500.00","       2525.60","       2490.00","       2524.80","       2518.30","       2514.08","     799358","      20096.48","      37888","     504838","         63.16"
"TCS","EQ","12-May-2016","       2518.30","       2520.55","       2569.90","       2520.55","       2566.00","       2566.20","       2554.51","     756541","      19325.91","      52202","     437035","         57.77"
"TCS","EQ","13-May-2016","       2566.20","       2565.00","       2566.00","       2510.15","       2525.00","       2523.40","       2530.28","     810865","      20517.19","      36862","     485088","         59.82"
"TCS","EQ","16-May-2016","       2523.40","       2538.00","       2564.80","       2522.50","       2552.75","       2551.15","       2543.39","     555763","      14135.23","      38211","     306818","         55.21"
"TCS","EQ","17-May-2016","       2551.15","       2564.20","       2591.25","       2552.00","       2570.00","       2570.20","       2572.85","     878349","      22598.58","      75704","     604405","         68.81"
"TCS","EQ","18-May-2016","       2570.20","       2565.85","       2565.85","       2526.05","       2553.00","       2551.10","       2543.29","     750370","      19084.12","      48191","     447136","         59.59"
"TCS","EQ","19-May-2016","       2551.10","       2555.00","       2560.00","       2526.10","       2555.00","       2556.95","       2548.52","     519396","      13236.92","      38811","     317123","         61.06"
"TCS","EQ","20-May-2016","       2556.95","       2542.30","       2565.80","       2522.80","       2529.90","       2529.30","       2542.91","     615459","      15650.58","      43356","     393072","         63.87"
"TCS","EQ","23-May-2016","       2529.30","       2544.00","       2545.90","       2480.20","       2483.00","       2491.45","       2510.13","     766508","      19240.37","      27319","     539677","         70.41"
"TCS","EQ","24-May-2016","       2491.45","       2484.00","       2488.25","       2459.60","       2468.60","       2467.70","       2467.63","     669579","      16522.76","      30007","     520162","         77.68"
"TCS","EQ","25-May-2016","       2467.70","       2481.00","       2532.95","       2481.00","       2520.95","       2526.45","       2514.12","     774339","      19467.84","      26986","     603628","         77.95"
"TCS","EQ","26-May-2016","       2526.45","       2530.00","       2564.90","       2505.10","       2560.00","       2548.70","       2537.20","     971624","      24652.03","      59703","     696644","         71.70"
"TCS","EQ","27-May-2016","       2548.70","       2553.15","       2579.85","       2550.60","       2577.00","       2572.65","       2566.93","     552338","      14178.15","      44676","     282889","         51.22"
"TCS","EQ","30-May-2016","       2572.65","       2583.00","       2641.95","       2582.00","       2636.05","       2636.40","       2617.50","     674732","      17661.12","      46344","     371709","         55.09"
"TCS","EQ","31-May-2016","       2636.40","       2640.00","       2647.00","       2562.00","       2567.50","       2569.40","       2581.37","    1861304","      48047.09","      84299","    1333274","         71.63"
"TCS","EQ","01-Jun-2016","       2569.40","       2571.20","       2645.00","       2571.00","       2633.90","       2633.55","       2625.05","     955971","      25094.71","      67647","     573454","         59.99"
"TCS","EQ","02-Jun-2016","       2633.55","       2600.00","       2654.30","       2600.00","       2654.00","       2650.15","       2635.94","     704378","      18566.99","      57624","     408196","         57.95"
"TCS","EQ","03-Jun-2016","       2650.15","       2651.40","       2658.00","       2620.50","       2628.00","       2629.55","       2631.87","     777461","      20461.79","      59436","     555925","         71.51"
"TCS","EQ","06-Jun-2016","       2629.55","       2620.50","       2639.00","       2603.20","       2610.00","       2612.50","       2618.59","     661013","      17309.20","      35241","     416399","         62.99"
"TCS","EQ","07-Jun-2016","       2612.50","       2614.00","       2639.00","       2613.00","       2631.60","       2631.15","       2628.62","     601097","      15800.55","      43777","     400449","         66.62"
"TCS","EQ","08-Jun-2016","       2631.15","       2617.25","       2628.55","       2605.50","       2615.00","       2613.10","       2615.77","     469133","      12271.42","      26407","     310877","         66.27"
"TCS","EQ","09-Jun-2016","       2613.10","       2622.40","       2622.40","       2555.20","       2581.90","       2577.25","       2581.13","     781069","      20160.43","      51060","     485172","         62.12"
"TCS","EQ","10-Jun-2016","       2577.25","       2566.00","       2603.25","       2553.20","       2554.00","       2555.75","       2571.67","     698416","      17960.98","      46466","     419054","         60.00"
"TCS","EQ","13-Jun-2016","       2555.75","       2540.00","       2553.35","       2518.00","       2545.25","       2547.00","       2538.25","     514989","      13071.71","      32894","     290396","         56.39"
"TCS","EQ","14-Jun-2016","       2547.00","       2558.95","       2558.95","       2518.25","       2540.00","       2534.85","       2531.47","     488785","      12373.44","      55026","     308524","         63.12"
"TCS","EQ","15-Jun-2016","       2534.85","       2530.00","       2564.90","       2522.00","       2558.50","       2556.85","       2540.82","     635422","      16144.92","      52990","     434986","         68.46"
"TCS","EQ","16-Jun-2016","       2556.85","       2545.55","       2564.70","       2516.45","       2557.00","       2558.30","       2539.78","     572535","      14541.14","      59808","     354886","         61.99"
"TCS","EQ","17-Jun-2016","       2558.30","       2559.00","       2610.00","       2559.00","       2600.00","       2602.60","       2590.05","     939494","      24333.37","      46942","     678061","         72.17"
"TCS","EQ","20-Jun-2016","       2602.60","       2602.60","       2668.00","       2591.80","       2657.00","       2659.30","       2647.08","     936419","      24787.79","      50886","     622902","         66.52"
"TCS","EQ","21-Jun-2016","       2659.30","       2663.50","       2665.00","       2641.40","       2646.00","       2651.20","       2650.08","     513845","      13617.28","      28193","     354624","         69.01"
"TCS","EQ","22-Jun-2016","       2651.20","       2650.00","       2677.70","       2631.75","       2661.05","       2667.65","       2660.15","     880856","      23432.05","      44125","     553164","         62.80"
"TCS","EQ","23-Jun-2016","       2667.65","       2655.00","       2659.50","       2625.30","       2644.45","       2645.35","       2642.78","     698507","      18460.03","      54736","     449412","         64.34"
"TCS","EQ","24-Jun-2016","       2645.35","       2565.15","       2593.20","       2514.15","       2568.00","       2573.95","       2559.15","    1883293","      48196.31","      62715","    1172473","         62.26"
"TCS","EQ","27-Jun-2016","       2573.95","       2547.00","       2547.00","       2482.65","       2496.70","       2495.85","       2499.20","    2136283","      53389.93","     138232","    1462323","         68.45"
"TCS","EQ","28-Jun-2016","       2495.85","       2495.85","       2502.90","       2458.40","       2464.00","       2463.95","       2479.12","    2249762","      55774.25","     114662","    1754654","         77.99"
"TCS","EQ","29-Jun-2016","       2463.95","       2475.00","       2512.50","       2465.30","       2500.00","       2502.90","       2489.12","    1265632","      31503.12","      64129","     904197","         71.44"
"TCS","EQ","30-Jun-2016","       2502.90","       2522.00","       2562.90","       2500.35","       2548.05","       2553.10","       2532.82","    2560906","      64863.14","     103449","    1864313","         72.80"
"TCS","EQ","01-Jul-2016","       2553.10","       2562.00","       2564.60","       2494.35","       2498.75","       2500.85","       2526.66","    1098648","      27759.11","      55236","     662614","         60.31"
"TCS","EQ","04-Jul-2016","       2500.85","       2516.00","       2525.85","       2482.00","       2485.35","       2494.20","       2507.92","     941742","      23618.13","      50480","     520381","         55.26"
"TCS","EQ","05-Jul-2016","       2494.20","       2494.20","       2497.05","       2477.15","       2480.20","       2485.30","       2485.94","     779874","      19387.17","      41404","     504496","         64.69"
"TCS","EQ","07-Jul-2016","       2485.30","       2487.70","       2491.85","       2425.00","       2428.00","       2429.80","       2452.12","    1658400","      40665.89","      99668","    1234800","         74.46"
"TCS","EQ","08-Jul-2016","       2429.80","       2435.00","       2442.05","       2403.50","       2430.10","       2426.60","       2425.89","    1228178","      29794.20","      68484","     747989","         60.90"
"TCS","EQ","11-Jul-2016","       2426.60","       2430.00","       2471.80","       2427.00","       2469.00","       2464.15","       2455.17","     771816","      18949.40","      55531","     431022","         55.85"
"TCS","EQ","12-Jul-2016","       2464.15","       2471.70","       2475.00","       2435.85","       2463.50","       2464.95","       2456.78","     732768","      18002.50","      45288","     410373","         56.00"
"TCS","EQ","13-Jul-2016","       2464.95","       2478.00","       2499.25","       2451.25","       2485.00","       2493.10","       2485.60","    1051150","      26127.36","      45710","     609172","         57.95"
"TCS","EQ","14-Jul-2016","       2493.10","       2486.00","       2529.00","       2471.00","       2520.00","       2521.90","       2506.46","    1349994","      33837.03","      66642","     750255","         55.57"
"TCS","EQ","15-Jul-2016","       2521.90","       2517.00","       2527.80","       2426.55","       2445.00","       2445.35","       2464.20","    4168183","     102712.19","     156804","    2143541","         51.43"
"TCS","EQ","18-Jul-2016","       2445.35","       2447.00","       2469.00","       2430.60","       2431.15","       2433.45","       2444.65","    1299425","      31766.42","      66016","     872031","         67.11"
"TCS","EQ","19-Jul-2016","       2433.45","       2427.50","       2472.80","       2427.50","       2466.00","       2466.20","       2452.39","    1181448","      28973.73","      77753","     842826","         71.34"
"TCS","EQ","20-Jul-2016","       2466.20","       2450.00","       2502.50","       2448.15","       2493.00","       2494.95","       2488.38","    1407626","      35027.09","      95969","     985522","         70.01"
"TCS","EQ","21-Jul-2016","       2494.95","       2489.50","       2519.50","       2464.45","       2506.00","       2506.05","       2492.08","    1263574","      31489.24","      91340","     816810","         64.64"
"TCS","EQ","22-Jul-2016","       2506.05","       2498.90","       2524.00","       2492.00","       2514.95","       2515.10","       2510.50","     758608","      19044.87","      65567","     400661","         52.82"
"TCS","EQ","25-Jul-2016","       2515.10","       2512.00","       2563.20","       2505.80","       2555.00","       2558.95","       2539.84","     844398","      21446.39","      84598","     563213","         66.70"
"TCS","EQ","26-Jul-2016","       2558.95","       2558.95","       2568.00","       2533.00","       2550.00","       2552.60","       2547.81","    1155645","      29443.63","      97504","     853391","         73.85"
"TCS","EQ","27-Jul-2016","       2552.60","       2555.00","       2580.40","       2545.00","       2578.00","       2577.55","       2570.12","     875255","      22495.14","      72548","     613572","         70.10"
"TCS","EQ","28-Jul-2016","       2577.55","       2580.50","       2629.55","       2577.05","       2614.20","       2619.25","       2601.74","    2316040","      60257.27","      96943","    1873646","         80.90"
"TCS","EQ","29-Jul-2016","       2619.25","       2614.00","       2634.90","       2599.00","       2624.90","       2619.30","       2618.80","    1244042","      32579.01","      79709","     855384","         68.76"
"TCS","EQ","01-Aug-2016","       2619.30","       2632.00","       2725.00","       2632.00","       2702.60","       2708.25","       2696.68","    1980852","      53417.17","      88196","    1217019","         61.44"
"TCS","EQ","02-Aug-2016","       2708.25","       2702.90","       2715.70","       2689.80","       2703.80","       2699.20","       2702.65","    1289081","      34839.35","     101312","     937146","         72.70"
"TCS","EQ","03-Aug-2016","       2699.20","       2686.00","       2699.00","       2649.05","       2649.05","       2656.30","       2666.45","    1147351","      30593.57","      86554","     742080","         64.68"
"TCS","EQ","04-Aug-2016","       2656.30","       2670.00","       2682.95","       2636.25","       2658.00","       2652.00","       2656.13","     707708","      18797.62","      47274","     417545","         59.00"
"TCS","EQ","05-Aug-2016","       2652.00","       2673.90","       2684.30","       2632.00","       2643.45","       2649.10","       2657.26","     934242","      24825.22","      62736","     573462","         61.38"
"TCS","EQ","08-Aug-2016","       2649.10","       2640.00","       2668.00","       2629.05","       2655.00","       2649.50","       2651.83","    1029122","      27290.60","      65630","     731432","         71.07"
"TCS","EQ","09-Aug-2016","       2649.50","       2658.00","       2659.80","       2578.85","       2654.45","       2650.20","       2645.82","    1130957","      29923.03","     133349","     846363","         74.84"
"TCS","EQ","10-Aug-2016","       2650.20","       2651.00","       2682.00","       2648.00","       2676.00","       2675.40","       2671.88","    1031039","      27548.08","      61590","     758422","         73.56"
"TCS","EQ","11-Aug-2016","       2675.40","       2665.55","       2715.00","       2665.55","       2706.85","       2709.90","       2702.48","    1116569","      30175.07","      72571","     772611","         69.20"
"TCS","EQ","12-Aug-2016","       2709.90","       2705.00","       2744.80","       2702.05","       2740.00","       2738.45","       2732.86","    1163679","      31801.76","      85247","     882770","         75.86"
"TCS","EQ","16-Aug-2016","       2738.45","       2738.00","       2740.00","       2673.85","       2700.00","       2691.70","       2709.24","    1591877","      43127.76","     116813","    1171765","         73.61"
"TCS","EQ","17-Aug-2016","       2691.70","       2699.00","       2699.00","       2618.00","       2628.00","       2624.55","       2641.55","     924283","      24415.37","      68405","     533042","         57.67"
"TCS","EQ","18-Aug-2016","       2624.55","       2635.00","       2657.55","       2630.10","       2631.00","       2638.55","       2648.64","     646032","      17111.07","      47877","     473218","         73.25"
"TCS","EQ","19-Aug-2016","       2638.55","       2640.00","       2646.45","       2600.00","       2602.60","       2603.50","       2610.69","    1208122","      31540.28","      59756","     911052","         75.41"
"TCS","EQ","22-Aug-2016","       2603.50","       2588.00","       2594.45","       2536.30","       2553.50","       2548.70","       2562.14","    1132637","      29019.78","      92781","     718184","         63.41"
"TCS","EQ","23-Aug-2016","       2548.70","       2544.95","       2604.95","       2540.20","       2600.40","       2601.05","       2593.41","     751687","      19494.29","      46115","     354539","         47.17"
"TCS","EQ","24-Aug-2016","       2601.05","       2589.80","       2602.00","       2569.05","       2570.65","       2572.05","       2579.68","     558439","      14405.93","      38751","     347421","         62.21"
"TCS","EQ","25-Aug-2016","       2572.05","       2580.00","       2589.70","       2526.00","       2550.35","       2551.05","       2549.92","     969845","      24730.29","      56688","     456774","         47.10"
"TCS","EQ","26-Aug-2016","       2551.05","       2559.80","       2572.55","       2517.20","       2527.25","       2524.95","       2536.81","     625157","      15859.06","      44995","     364922","         58.37"
"TCS","EQ","29-Aug-2016","       2524.95","       2534.95","       2534.95","       2466.75","       2508.00","       2500.55","       2489.50","     744364","      18530.92","      63254","     441562","         59.32"
"TCS","EQ","30-Aug-2016","       2500.55","       2510.00","       2549.80","       2501.25","       2544.90","       2544.15","       2526.50","     722013","      18241.67","      47160","     423968","         58.72"
"TCS","EQ","31-Aug-2016","       2544.15","       2550.00","       2550.00","       2500.85","       2514.70","       2511.30","       2520.29","    1615834","      40723.74","      99253","    1249096","         77.30"
"TCS","EQ","01-Sep-2016","       2511.30","       2524.90","       2534.95","       2487.05","       2507.25","       2507.50","       2507.33","     672868","      16871.05","      44078","     400069","         59.46"
"TCS","EQ","02-Sep-2016","       2507.50","       2512.00","       2519.40","       2496.05","       2511.00","       2514.80","       2509.99","     871165","      21866.19","      54628","     606296","         69.60"
"TCS","EQ","06-Sep-2016","       2514.80","       2519.90","       2520.15","       2480.00","       2484.70","       2484.05","       2492.04","    1119533","      27899.23","      82530","     758597","         67.76"
"TCS","EQ","07-Sep-2016","       2484.05","       2499.70","       2499.70","       2423.00","       2452.10","       2440.55","       2463.78","    1927020","      47477.59","      69195","    1503719","         78.03"
"TCS","EQ","08-Sep-2016","       2440.55","       2360.00","       2360.00","       2284.75","       2327.70","       2322.10","       2313.11","    3510758","      81207.74","     171363","    2176708","         62.00"
"TCS","EQ","09-Sep-2016","       2322.10","       2329.70","       2366.65","       2320.05","       2352.00","       2352.45","       2347.82","    1371219","      32193.70","      85766","     817829","         59.64"
"TCS","EQ","12-Sep-2016","       2352.45","       2337.00","       2363.95","       2324.00","       2358.00","       2359.05","       2354.99","    1012227","      23837.80","      64982","     619258","         61.18"
"TCS","EQ","14-Sep-2016","       2359.05","       2362.00","       2377.60","       2310.00","       2332.00","       2328.45","       2330.65","    1034929","      24120.58","      67854","     671415","         64.88"
"TCS","EQ","15-Sep-2016","       2328.45","       2339.95","       2342.10","       2316.75","       2325.00","       2326.95","       2327.02","    1409482","      32798.96","      97602","    1084583","         76.95"
"TCS","EQ","16-Sep-2016","       2326.95","       2336.70","       2376.00","       2320.00","       2368.00","       2361.70","       2346.07","    2179002","      51120.90","      78997","    1674552","         76.85"
"TCS","EQ","19-Sep-2016","       2361.70","       2365.00","       2427.00","       2350.00","       2411.00","       2411.45","       2406.04","    1401273","      33715.15","      71497","     884522","         63.12"
"TCS","EQ","20-Sep-2016","       2411.45","       2411.00","       2416.90","       2385.40","       2410.00","       2406.50","       2399.05","     592276","      14208.97","      43740","     401662","         67.82"
"TCS","EQ","21-Sep-2016","       2406.50","       2407.70","       2424.00","       2400.70","       2412.00","       2413.40","       2412.77","     839010","      20243.42","      59572","     560882","         66.85"
"TCS","EQ","22-Sep-2016","       2413.40","       2425.25","       2428.00","       2371.10","       2380.00","       2378.00","       2392.19","    1428787","      34179.32","      81643","    1006041","         70.41"
"TCS","EQ","23-Sep-2016","       2378.00","       2382.00","       2403.85","       2371.15","       2400.00","       2398.10","       2394.21","     900363","      21556.62","      50857","     652726","         72.50"
"TCS","EQ","26-Sep-2016","       2398.10","       2401.10","       2419.10","       2395.00","       2395.10","       2401.10","       2407.73","     876738","      21109.51","      43717","     648502","         73.97"
"TCS","EQ","27-Sep-2016","       2401.10","       2401.10","       2448.00","       2401.10","       2437.00","       2436.10","       2434.59","    1019396","      24818.15","      48249","     683235","         67.02"
"TCS","EQ","28-Sep-2016","       2436.10","       2431.00","       2437.50","       2415.20","       2425.00","       2423.05","       2423.88","     865664","      20982.67","      31602","     643336","         74.32"
"TCS","EQ","29-Sep-2016","       2423.05","       2435.00","       2456.50","       2419.60","       2437.00","       2437.80","       2435.92","    1801979","      43894.80","      59697","    1169580","         64.91"
"TCS","EQ","30-Sep-2016","       2437.80","       2437.05","       2449.80","       2423.10","       2432.20","       2430.80","       2432.55","    1087682","      26458.42","      53121","     839140","         77.15"
"TCS","EQ","03-Oct-2016","       2430.80","       2450.00","       2457.65","       2401.10","       2407.50","       2411.70","       2417.11","     909440","      21982.20","      50401","     540344","         59.42"
"TCS","EQ","04-Oct-2016","       2411.70","       2420.00","       2425.05","       2398.00","       2407.00","       2405.15","       2408.35","     890359","      21442.94","      41266","     639727","         71.85"
"TCS","EQ","05-Oct-2016","       2405.15","       2408.00","       2415.40","       2376.10","       2386.00","       2386.35","       2389.49","     588177","      14054.42","      41205","     313066","         53.23"
"TCS","EQ","06-Oct-2016","       2386.35","       2395.00","       2402.40","       2372.75","       2386.85","       2388.75","       2385.27","    1133786","      27043.91","      46955","     898741","         79.27"
"TCS","EQ","07-Oct-2016","       2388.75","       2388.00","       2388.00","       2358.20","       2370.00","       2367.80","       2367.26","     908256","      21500.80","      45358","     691128","         76.09"
"TCS","EQ","10-Oct-2016","       2367.80","       2369.90","       2386.90","       2355.05","       2380.00","       2380.30","       2372.07","     601071","      14257.81","      36640","     315767","         52.53"
"TCS","EQ","13-Oct-2016","       2380.30","       2363.30","       2369.90","       2320.90","       2334.00","       2328.90","       2337.63","    2586667","      60466.75","     123215","    1859184","         71.88"
"TCS","EQ","14-Oct-2016","       2328.90","       2315.00","       2387.00","       2291.00","       2370.60","       2366.20","       2344.02","    3870607","      90727.67","     128774","    1627517","         42.05"
"TCS","EQ","17-Oct-2016","       2366.20","       2368.90","       2375.80","       2344.40","       2374.95","       2362.45","       2361.60","    1364173","      32216.32","      58695","    1030081","         75.51"
"TCS","EQ","18-Oct-2016","       2362.45","       2376.00","       2415.70","       2354.80","       2398.60","       2400.20","       2379.35","    1064316","      25323.75","      53519","     685583","         64.42"
"TCS","EQ","19-Oct-2016","       2400.20","       2401.00","       2410.00","       2370.30","       2390.00","       2395.10","       2387.88","     992529","      23700.39","      42017","     552107","         55.63"
"TCS","EQ","20-Oct-2016","       2395.10","       2396.90","       2409.35","       2386.00","       2403.00","       2401.15","       2398.87","     632927","      15183.12","      37213","     426975","         67.46"
"TCS","EQ","21-Oct-2016","       2401.15","       2400.00","       2431.90","       2398.25","       2430.00","       2428.65","       2420.01","     629830","      15241.92","      39667","     414000","         65.73"
"TCS","EQ","24-Oct-2016","       2428.65","       2428.20","       2434.90","       2402.55","       2433.00","       2427.70","       2419.99","     626595","      15163.51","      27061","     413384","         65.97"
"TCS","EQ","25-Oct-2016","       2427.70","       2405.00","       2414.60","       2381.00","       2400.00","       2398.45","       2401.02","     886233","      21278.66","      40428","     654271","         73.83"
"TCS","EQ","26-Oct-2016","       2398.45","       2398.60","       2402.75","       2372.50","       2383.00","       2396.25","       2387.80","     718565","      17157.89","      43564","     468939","         65.26"
"TCS","EQ","27-Oct-2016","       2396.25","       2379.70","       2429.50","       2365.50","       2401.10","       2418.10","       2397.88","    1470801","      35268.10","      61880","    1025670","         69.74"
"TCS","EQ","28-Oct-2016","       2418.10","       2410.00","       2415.10","       2388.00","       2398.00","       2398.70","       2400.14","     876051","      21026.43","      54342","     644360","         73.55"
"TCS","EQ","30-Oct-2016","       2398.70","       2398.70","       2408.95","       2382.00","       2390.05","       2391.05","       2393.74","      42676","       1021.55","       3032","      17073","         40.01"
"TCS","EQ","01-Nov-2016","       2391.05","       2399.70","       2399.70","       2334.15","       2359.05","       2350.00","       2371.67","    1467388","      34801.53","      70133","    1135398","         77.38"
"TCS","EQ","02-Nov-2016","       2350.00","       2341.00","       2344.00","       2295.00","       2298.75","       2304.05","       2315.05","    1162538","      26913.31","      42121","     897174","         77.17"
"TCS","EQ","03-Nov-2016","       2304.05","       2294.00","       2335.00","       2284.50","       2320.00","       2319.45","       2315.15","     731655","      16938.92","      48066","     421809","         57.65"
"TCS","EQ","04-Nov-2016","       2319.45","       2320.00","       2336.15","       2294.00","       2330.00","       2330.55","       2313.13","     591876","      13690.87","      34571","     395290","         66.79"
"TCS","EQ","07-Nov-2016","       2330.55","       2337.90","       2344.90","       2260.05","       2266.00","       2277.05","       2296.42","    1024026","      23515.96","      40066","     772098","         75.40"
"TCS","EQ","08-Nov-2016","       2277.05","       2280.45","       2307.00","       2260.00","       2289.60","       2283.20","       2281.56","     966817","      22058.48","      39458","     601804","         62.25"
"TCS","EQ","09-Nov-2016","       2283.20","       2180.00","       2275.00","       2142.85","       2185.80","       2169.85","       2188.73","    2250113","      49248.85","      74439","    1232057","         54.76"
"TCS","EQ","10-Nov-2016","       2169.85","       2204.80","       2217.50","       2140.80","       2147.05","       2155.45","       2186.26","    1086213","      23747.45","      55736","     622015","         57.26"
"TCS","EQ","11-Nov-2016","       2155.45","       2147.05","       2147.05","       2086.20","       2120.00","       2101.15","       2110.24","    1199212","      25306.23","      71253","     735910","         61.37"
"TCS","EQ","15-Nov-2016","       2101.15","       2116.90","       2157.55","       2051.90","       2138.35","       2121.30","       2116.99","    3145162","      66582.68","     143796","    2506173","         79.68"
"TCS","EQ","16-Nov-2016","       2121.30","       2145.10","       2208.90","       2138.00","       2187.65","       2189.60","       2189.51","    2009979","      44008.63","     143193","    1337046","         66.52"
"TCS","EQ","17-Nov-2016","       2189.60","       2185.00","       2208.60","       2130.15","       2134.05","       2137.20","       2163.54","    1252344","      27094.91","      74605","     824922","         65.87"
"TCS","EQ","18-Nov-2016","       2137.20","       2142.00","       2150.00","       2104.20","       2126.20","       2125.10","       2123.04","    1070267","      22722.15","      71737","     720264","         67.30"
"TCS","EQ","21-Nov-2016","       2125.10","       2126.20","       2140.00","       2105.00","       2130.00","       2132.90","       2128.57","     896683","      19086.55","      63995","     642120","         71.61"
"TCS","EQ","22-Nov-2016","       2132.90","       2132.00","       2177.45","       2122.05","       2142.00","       2135.00","       2147.59","     659430","      14161.84","      38866","     358511","         54.37"
"TCS","EQ","23-Nov-2016","       2135.00","       2149.00","       2162.95","       2127.20","       2158.50","       2156.35","       2150.81","     637904","      13720.13","      40612","     452131","         70.88"
"TCS","EQ","24-Nov-2016","       2156.35","       2154.90","       2207.60","       2137.00","       2205.00","       2188.45","       2185.41","    1513117","      33067.74","      47769","     989064","         65.37"
"TCS","EQ","25-Nov-2016","       2188.45","       2212.00","       2307.25","       2192.20","       2299.80","       2300.35","       2272.25","    2138074","      48582.38","     125651","    1308479","         61.20"
"TCS","EQ","28-Nov-2016","       2300.35","       2294.00","       2319.45","       2251.90","       2275.05","       2282.60","       2283.57","     962148","      21971.33","      69327","     514849","         53.51"
"TCS","EQ","29-Nov-2016","       2282.60","       2275.00","       2292.00","       2252.55","       2263.00","       2259.85","       2271.38","     721148","      16380.02","      60419","     463428","         64.26"
"TCS","EQ","30-Nov-2016","       2259.85","       2265.00","       2294.75","       2242.30","       2275.00","       2276.05","       2272.16","    1722916","      39147.48","      88801","    1019099","         59.15"
"TCS","EQ","01-Dec-2016","       2276.05","       2277.00","       2290.00","       2254.05","       2267.00","       2263.45","       2270.78","     561526","      12751.01","      48664","     264640","         47.13"
"TCS","EQ","02-Dec-2016","       2263.45","       2258.00","       2270.80","       2205.20","       2229.00","       2221.85","       2233.56","     999016","      22313.66","      70395","     643301","         64.39"
"TCS","EQ","05-Dec-2016","       2221.85","       2229.00","       2237.85","       2170.00","       2188.50","       2186.00","       2189.99","    1124763","      24632.16","      65000","     713538","         63.44"
"TCS","EQ","06-Dec-2016","       2186.00","       2190.00","       2203.95","       2169.90","       2170.85","       2182.35","       2189.54","     796722","      17444.52","      50293","     570135","         71.56"
"TCS","EQ","07-Dec-2016","       2182.35","       2182.20","       2184.45","       2145.65","       2157.90","       2154.55","       2164.31","    1032853","      22354.17","      63105","     771170","         74.66"
"TCS","EQ","08-Dec-2016","       2154.55","       2160.50","       2199.00","       2160.00","       2195.00","       2195.75","       2185.77","    1619773","      35404.55","      74988","    1378152","         85.08"
"TCS","EQ","09-Dec-2016","       2195.75","       2205.00","       2219.90","       2173.30","       2193.60","       2195.25","       2199.22","     794359","      17469.69","      53949","     486502","         61.24"
"TCS","EQ","12-Dec-2016","       2195.25","       2194.80","       2217.60","       2163.00","       2210.00","       2208.20","       2198.33","     655879","      14418.38","      43775","     351270","         53.56"
"TCS","EQ","13-Dec-2016","       2208.20","       2218.00","       2218.00","       2183.00","       2210.75","       2200.30","       2199.64","    1073767","      23619.01","      58059","     661252","         61.58"
"TCS","EQ","14-Dec-2016","       2200.30","       2214.00","       2224.70","       2189.00","       2208.80","       2207.60","       2207.22","     935183","      20641.59","      46920","     678185","         72.52"
"TCS","EQ","15-Dec-2016","       2207.60","       2202.00","       2272.10","       2202.00","       2256.50","       2259.30","       2257.49","    2147705","      48484.14","      74707","    1632465","         76.01"
"TCS","EQ","16-Dec-2016","       2259.30","       2277.00","       2290.00","       2252.00","       2284.80","       2282.65","       2275.76","     993615","      22612.30","      55542","     701348","         70.59"
"TCS","EQ","19-Dec-2016","       2282.65","       2280.00","       2297.70","       2261.30","       2285.00","       2288.90","       2274.60","     667105","      15174.00","      44317","     499245","         74.84"
"TCS","EQ","20-Dec-2016","       2288.90","       2292.00","       2345.00","       2287.05","       2340.00","       2339.30","       2322.69","    1461380","      33943.34","      49014","     943670","         64.57"
"TCS","EQ","21-Dec-2016","       2339.30","       2343.80","       2343.80","       2305.60","       2312.00","       2313.60","       2318.50","    1017451","      23589.59","      85491","     774330","         76.10"
"TCS","EQ","22-Dec-2016","       2313.60","       2306.00","       2325.00","       2286.20","       2315.60","       2307.70","       2306.01","     934150","      21541.60","      47737","     585230","         62.65"
"TCS","EQ","23-Dec-2016","       2307.70","       2300.00","       2317.75","       2278.80","       2285.00","       2288.10","       2295.23","     559477","      12841.27","      42554","     331694","         59.29"
"TCS","EQ","26-Dec-2016","       2288.10","       2266.00","       2301.60","       2266.00","       2296.85","       2293.10","       2290.60","     448704","      10278.02","      29524","     213160","         47.51"
"TCS","EQ","27-Dec-2016","       2293.10","       2281.50","       2330.00","       2281.50","       2322.80","       2323.40","       2317.79","     647346","      15004.11","      42719","     358760","         55.42"
"TCS","EQ","28-Dec-2016","       2323.40","       2326.70","       2349.90","       2303.15","       2305.25","       2313.40","       2335.86","     675209","      15771.94","      65267","     420288","         62.25"
"TCS","EQ","29-Dec-2016","       2313.40","       2303.00","       2359.90","       2303.00","       2355.00","       2351.70","       2346.25","     981758","      23034.45","      64945","     575262","         58.60"
"TCS","EQ","30-Dec-2016","       2351.70","       2354.90","       2378.60","       2345.65","       2366.55","       2365.55","       2366.64","     702874","      16634.48","      44979","     456203","         64.91"
